course_id,course_name,category,weekly_hours,has_syllabus_url,has_parsed_syllabus_text,source_board_json,source_repo_json,source_merged_json,source_raw_json,source_syllabus_json,supabase_offered_semesters,supabase_effective_semesters,merged_json_semester,raw_json_semesters,override_semesters,semester_in_any_source,semester_source,effective_semester_value,app_offered_semesters,app_effective_semesters,semester_in_app,merged_prereq_ids,prereq_raw_text_snippet,supabase_prereq_text,prereqs_on_mandatory_board,prereqs_in_repo_elective_pool,prereqs_NOT_in_map_foundational,prereq_only_as_text,schedulability_status,problem_category,problem_hebrew,can_fix_automatically,required_fix
0509-4010,ננו לווינים- בין חינוך למדעים למהפכת החלל,other_specialization,3,True,True,False,True,True,True,True,,,B,"[""B""]","[""B""]",True,COURSE_DATA_OVERRIDES (client-side patch),"[""B""]","[""B""]","[""B""]",True,,,False,,,,False,fully_schedulable,fully_schedulable,"ניתן לתזמון — יש סמסטר, שעות, ודרישות קדם מטופלות",False,
0512-1202,אלקטרוניקה בסיסית,other_specialization,,True,True,False,True,False,False,False,,,,,,False,,[],,,False,,,True,,,,True,unschedulable,semester_not_in_current_sources,חסרות שעות שבועיות — אין נתוני שעות,False,manual: add weekly_hours to Supabase
0512-1203,מבוא לעיבוד אותות,other_specialization,4,True,False,False,True,True,True,True,,,B,"[""B""]","[""B""]",True,COURSE_DATA_OVERRIDES (client-side patch),"[""B""]","[""B""]","[""B""]",True,,,False,,,,False,fully_schedulable,fully_schedulable,"ניתן לתזמון — יש סמסטר, שעות, ודרישות קדם מטופלות",False,
0512-1204,המרת אנרגיה והנע חשמלי,,3.5,True,True,True,False,False,False,False,,"[""year_3_semester_a""]",,,,True,supabase:effective_allowed_semesters,"[""year_3_semester_a""]","[""year_3_semester_a""]","[""year_3_semester_a""]",True,,,True,,,,True,fully_schedulable,fully_schedulable,קורס חובה קבוע — אין בעיה,False,
0512-2508,התקנים אלקטרוניים,other_specialization,4,True,True,False,True,True,True,True,,,A,"[""A"", ""B""]","[""A"", ""B""]",True,COURSE_DATA_OVERRIDES (client-side patch),"[""A"", ""B""]","[""A"", ""B""]","[""A"", ""B""]",True,"[""0512-2830""]","פיזיקה קוואנטית ומצב מוצק (05122830) דרישות קדם ספציפיות בקורס בהתאם לתוכנית הלימודים הנלמדת, מופיעו...",True,,,"[""0512-2830""]",False,fully_schedulable,fully_schedulable,"ניתן לתזמון — יש סמסטר, שעות, ודרישות קדם מטופלות",False,
0512-4200,מבוא לעיבוד ספרתי של אותות,other_specialization,4,True,True,False,True,True,True,True,,,A,"[""A"", ""B""]","[""A"", ""B""]",True,COURSE_DATA_OVERRIDES (client-side patch),"[""A"", ""B""]","[""A"", ""B""]","[""A"", ""B""]",True,,,False,,,,False,fully_schedulable,fully_schedulable,"ניתן לתזמון — יש סמסטר, שעות, ודרישות קדם מטופלות",False,
0512-4362,מערכות משוב שימושיות,other_specialization,4,True,False,False,True,True,True,True,,,A,"[""A""]","[""A""]",True,COURSE_DATA_OVERRIDES (client-side patch),"[""A""]","[""A""]","[""A""]",True,,,False,,,,False,fully_schedulable,fully_schedulable,"ניתן לתזמון — יש סמסטר, שעות, ודרישות קדם מטופלות",False,
0512-4700,טכנולוגיות מיקרו וננו אלקטרוניקה,other_specialization,4,True,True,False,True,True,True,True,,,B,"[""B""]","[""B""]",True,COURSE_DATA_OVERRIDES (client-side patch),"[""B""]","[""B""]","[""B""]",True,"[""0512-2508""]","התקנים אלקטרוניים (05122508) דרישות קדם ספציפיות בקורס בהתאם לתוכנית הלימודים הנלמדת, מופיעות בדף הי...",True,,"[""0512-2508""]",,False,schedulable_with_prereq_constraint,prerequisite_available_but_not_scheduled,דרישות קדם הן קורסי בחירה במאגר (0512-2508) — חייבות להיות מתוזמנות לפני,False,planner: prereqsSatisfiedForPlacementLocal already handles this ordering
0512-4702,מערכות ממוזערות לבישות,other_specialization,4,True,True,False,True,True,True,True,,,A,"[""A""]","[""A""]",True,COURSE_DATA_OVERRIDES (client-side patch),"[""A""]","[""A""]","[""A""]",True,,,False,,,,False,fully_schedulable,fully_schedulable,"ניתן לתזמון — יש סמסטר, שעות, ודרישות קדם מטופלות",False,
0542-2400,תכן מכני (1),,4,True,True,True,False,False,False,False,,"[""year_3_semester_a""]",,,,True,supabase:effective_allowed_semesters,"[""year_3_semester_a""]","[""year_3_semester_a""]","[""year_3_semester_a""]",True,,,True,,,,True,fully_schedulable,fully_schedulable,קורס חובה קבוע — אין בעיה,False,
0542-2500,מכניקת הזורמים (1),,5,True,True,True,False,False,False,False,,"[""year_3_semester_a""]",,,,True,supabase:effective_allowed_semesters,"[""year_3_semester_a""]","[""year_3_semester_a""]","[""year_3_semester_a""]",True,,,True,,,,True,fully_schedulable,fully_schedulable,קורס חובה קבוע — אין בעיה,False,
0542-3112,פרויקט יישומי בהנדסה מכנית,other_specialization,2,True,True,False,True,False,False,False,,,,,,False,,[],,,False,,,False,,,,False,unschedulable,semester_not_in_current_sources,יש syllabus אך אין מידע על סמסטר בשום מקור,False,upstream: run pipeline to extract semester from scrape/syllabus
0542-3243,מבוא לבקרה,,5.5,True,True,True,False,False,False,False,,"[""year_3_semester_a""]",,,,True,supabase:effective_allowed_semesters,"[""year_3_semester_a""]","[""year_3_semester_a""]","[""year_3_semester_a""]",True,,,True,,,,True,fully_schedulable,fully_schedulable,קורס חובה קבוע — אין בעיה,False,
0542-3620,מעבר חם,,4,True,True,True,False,False,False,False,"[""A""]","[""year_3_semester_a""]",,,,True,supabase:effective_allowed_semesters,"[""year_3_semester_a""]","[""year_3_semester_a"", ""year_3_semester_b""]","[""year_3_semester_a"", ""year_3_semester_b""]",True,,,False,,,,False,fully_schedulable,fully_schedulable,קורס חובה קבוע — אין בעיה,False,
0542-3780,תהליכי עיבוד (1),,3,True,True,True,False,False,False,False,"[""A""]","[""year_3_semester_a""]",,,,True,supabase:effective_allowed_semesters,"[""year_3_semester_a""]","[""year_3_semester_a"", ""year_3_semester_b""]","[""year_3_semester_a"", ""year_3_semester_b""]",True,,,True,,,,True,fully_schedulable,fully_schedulable,קורס חובה קבוע — אין בעיה,False,
0542-3791,תהליכי עיבוד - מעבדה,,2,True,True,True,False,False,False,False,"[""A""]","[""year_3_semester_a""]",,,,True,supabase:effective_allowed_semesters,"[""year_3_semester_a""]","[""year_3_semester_a"", ""year_3_semester_b""]","[""year_3_semester_a"", ""year_3_semester_b""]",True,,,False,,,,False,fully_schedulable,fully_schedulable,קורס חובה קבוע — אין בעיה,False,
0542-3792,הנדסת ניסויים ומדידות - מעבדה,,4,True,True,True,False,False,False,False,"[""A"", ""B""]","[""year_3_semester_a"", ""year_3_semester_b""]",,,,True,supabase:effective_allowed_semesters,"[""year_3_semester_a"", ""year_3_semester_b""]","[""year_3_semester_a"", ""year_3_semester_b""]","[""year_3_semester_a"", ""year_3_semester_b""]",True,,,True,,,,True,fully_schedulable,fully_schedulable,קורס חובה קבוע — אין בעיה,False,
0542-4010,תיכון ופרוייקט (1),,3,True,True,True,False,False,False,False,"[""A""]","[""year_4_semester_a""]",,,,True,supabase:effective_allowed_semesters,"[""year_4_semester_a""]","[""year_4_semester_a"", ""year_4_semester_b""]","[""year_4_semester_a"", ""year_4_semester_b""]",True,,,True,,,,True,fully_schedulable,fully_schedulable,קורס חובה קבוע — אין בעיה,False,
0542-4011,פרוייקט מחקר למצטיינים (1),other_specialization,3,True,True,False,True,True,True,True,,,A,"[""A""]","[""A""]",True,COURSE_DATA_OVERRIDES (client-side patch),"[""A""]","[""A""]","[""A""]",True,,,False,,,,False,fully_schedulable,fully_schedulable,"ניתן לתזמון — יש סמסטר, שעות, ודרישות קדם מטופלות",False,
0542-4012,פרויקט מחקר למצטיינים (2),other_specialization,3,True,True,False,True,True,True,True,,,B,"[""B""]","[""B""]",True,COURSE_DATA_OVERRIDES (client-side patch),"[""B""]","[""B""]","[""B""]",True,,,False,,,,False,fully_schedulable,fully_schedulable,"ניתן לתזמון — יש סמסטר, שעות, ודרישות קדם מטופלות",False,
0542-4020,תיכון ופרוייקט (2),,3,True,True,True,False,False,False,False,"[""B""]","[""year_4_semester_b""]",,,,True,supabase:effective_allowed_semesters,"[""year_4_semester_b""]","[""year_4_semester_a"", ""year_4_semester_b""]","[""year_4_semester_a"", ""year_4_semester_b""]",True,,,True,,,,True,fully_schedulable,fully_schedulable,קורס חובה קבוע — אין בעיה,False,
0542-4091,מעבדה במכניקת המוצקים,,2,True,True,True,False,False,False,False,"[""B""]","[""year_4_semester_b""]",,,,True,supabase:effective_allowed_semesters,"[""year_4_semester_b""]","[""year_4_semester_a"", ""year_4_semester_b""]","[""year_4_semester_a"", ""year_4_semester_b""]",True,,,True,,,,True,fully_schedulable,fully_schedulable,קורס חובה קבוע — אין בעיה,False,
0542-4092,מעבדת זרימה ומעבר חום,,2,True,True,True,False,False,False,False,"[""A""]","[""year_4_semester_a""]",,,,True,supabase:effective_allowed_semesters,"[""year_4_semester_a""]","[""year_4_semester_a"", ""year_4_semester_b""]","[""year_4_semester_a"", ""year_4_semester_b""]",True,,,True,,,,True,fully_schedulable,fully_schedulable,קורס חובה קבוע — אין בעיה,False,
0542-4093,מעבדה במערכות אנרגיה,advanced_labs,1,False,False,False,True,False,False,False,,,,,,False,,[],,,False,,,False,,,,False,unschedulable,syllabus_exists_but_not_parsed,"אין מידע על סמסטר, אין syllabus מפורסם, אין JSON מפוענח",False,upstream: scrape course page + parse syllabus
0542-4094,מעבדת מתקדמת בזרימה ומערכות אנרגיה,advanced_labs,1,True,True,False,True,False,False,False,"[""B""]",,,,,True,supabase:offered_semesters,"[""B""]","[""B""]","[""B""]",True,,,True,,,,True,schedulable_with_caveat,prerequisites_only_in_text,דרישות קדם קיימות רק כטקסט עברי — לא מפורסמות כ-IDs,False,parse syllabus_prerequisites_he to extract course IDs
0542-4120,תרמודינמיקה (2),fluids,4,True,True,False,True,True,True,True,"[""A""]",,A,"[""A""]",,True,supabase:offered_semesters,"[""A""]","[""A""]","[""A""]",True,"[""0542-2600""]","תרמודינמיקה (1) (05422600) דרישות קדם ספציפיות בקורס בהתאם לתוכנית הלימודים הנלמדת, מופיעות בדף הידי...",True,,,"[""0542-2600""]",False,fully_schedulable,fully_schedulable,"ניתן לתזמון — יש סמסטר, שעות, ודרישות קדם מטופלות",False,
0542-4123,תהליכי מעבר חום וחומר,fluids,4,True,True,False,True,True,True,True,"[""B""]",,B,"[""B""]",,True,supabase:offered_semesters,"[""B""]","[""B""]","[""B""]",True,"[""0542-2500"", ""0542-3620""]",מכניקת הזורמים (1) (05422500) + מעבר חם (05423620) דרישות קדם ספציפיות בקורס בהתאם לתוכנית הלימודים ...,True,"[""0542-2500"", ""0542-3620""]",,,False,fully_schedulable,fully_schedulable,"ניתן לתזמון — יש סמסטר, שעות, ודרישות קדם מטופלות",False,
0542-4124,,other_specialization,,False,False,False,True,False,False,False,,,,,,False,,[],,,False,,,False,,,,False,unschedulable,semester_not_in_current_sources,חסרות שעות שבועיות — אין נתוני שעות,False,manual: add weekly_hours to Supabase
0542-4125,מבוא להנדסת סביבה,other_specialization,4,True,True,False,True,True,True,True,,,A,"[""A""]","[""A""]",True,COURSE_DATA_OVERRIDES (client-side patch),"[""A""]","[""A""]","[""A""]",True,"[""0509-1815"", ""0542-2500""]",כימיה בסיסית להנדסה (05091815) + מכניקת הזורמים (1) (05422500) דרישות קדם ספציפיות בקורס בהתאם לתוכנ...,True,"[""0542-2500""]",,"[""0509-1815""]",False,fully_schedulable,fully_schedulable,"ניתן לתזמון — יש סמסטר, שעות, ודרישות קדם מטופלות",False,
0542-4131,מנועי שריפה פנימית,other_specialization,4,False,False,False,True,False,False,False,,,,,,False,,[],,,False,,,False,,,,False,unschedulable,syllabus_exists_but_not_parsed,"אין מידע על סמסטר, אין syllabus מפורסם, אין JSON מפוענח",False,upstream: scrape course page + parse syllabus
0542-4132,אנרגיה מתחדשת,other_specialization,4,False,False,False,True,False,False,False,,,,,,False,,[],,,False,,,False,,,,False,unschedulable,syllabus_exists_but_not_parsed,"אין מידע על סמסטר, אין syllabus מפורסם, אין JSON מפוענח",False,upstream: scrape course page + parse syllabus
0542-4135,תכן תרמי מתקדם בעזרת כלי תוכנה הנדסיים,other_specialization,4,False,False,False,True,False,False,False,,,,,,False,,[],,,False,,,False,,,,False,unschedulable,syllabus_exists_but_not_parsed,"אין מידע על סמסטר, אין syllabus מפורסם, אין JSON מפוענח",False,upstream: scrape course page + parse syllabus
0542-4179,מתקנים לייצור כח וניצול אנרגיה,other_specialization,4,True,False,False,True,False,False,False,,,,,,False,,[],,,False,,,False,,,,False,unschedulable,syllabus_exists_but_not_parsed,"אין מידע על סמסטר, אין syllabus מפורסם, אין JSON מפוענח",False,upstream: scrape course page + parse syllabus
0542-4191,,other_specialization,,False,False,False,True,False,False,False,,,,,,False,,[],,,False,,,False,,,,False,unschedulable,semester_not_in_current_sources,חסרות שעות שבועיות — אין נתוני שעות,False,manual: add weekly_hours to Supabase
0542-4220,תורת התנודות,solids,4,True,True,False,True,True,True,True,"[""A""]",,B,"[""B""]","[""B""]",True,COURSE_DATA_OVERRIDES (client-side patch),"[""B""]","[""B""]","[""B""]",True,,,False,,,,False,fully_schedulable,fully_schedulable,"ניתן לתזמון — יש סמסטר, שעות, ודרישות קדם מטופלות",False,
0542-4221,מבוא לתורת האלסטיות,solids,4,True,True,False,True,True,True,True,"[""B""]",,B,"[""B""]",,True,supabase:offered_semesters,"[""B""]","[""B""]","[""B""]",True,"[""0542-2200""]","מכניקת המוצקים (1) (05422200) דרישות קדם ספציפיות בקורס בהתאם לתוכנית הלימודים הנלמדת, מופיעות בדף ה...",True,,,"[""0542-2200""]",False,fully_schedulable,fully_schedulable,"ניתן לתזמון — יש סמסטר, שעות, ודרישות קדם מטופלות",False,
0542-4223,מבוא לאלמנטים סופיים,solids,4,True,True,False,True,True,True,True,"[""A""]",,A,"[""A""]",,True,supabase:offered_semesters,"[""A""]","[""A""]","[""A""]",True,"[""0542-2200"", ""0542-4224""]",מכניקת המוצקים (1) (05422200) או מכניקת המוצקים (2) (05424224) דרישות קדם ספציפיות בקורס בהתאם לתוכנ...,True,,"[""0542-4224""]","[""0542-2200""]",False,schedulable_with_prereq_constraint,prerequisite_available_but_not_scheduled,דרישות קדם הן קורסי בחירה במאגר (0542-4224) — חייבות להיות מתוזמנות לפני,False,planner: prereqsSatisfiedForPlacementLocal already handles this ordering
0542-4224,מכניקת המוצקים (2),solids,4,True,True,False,True,True,True,True,"[""B""]",,A,"[""A""]",,True,supabase:offered_semesters,"[""B""]","[""B""]","[""B""]",True,"[""0542-2200""]","מכניקת המוצקים (1) (05422200) דרישות קדם ספציפיות בקורס בהתאם לתוכנית הלימודים הנלמדת, מופיעות בדף ה...",True,,,"[""0542-2200""]",False,fully_schedulable,fully_schedulable,"ניתן לתזמון — יש סמסטר, שעות, ודרישות קדם מטופלות",False,
0542-4226,יישומי אלמנטים סופיים בתעשייה,other_specialization,3,True,True,False,True,False,False,False,,,,,,False,,[],,,False,,,True,,,,True,unschedulable,semester_not_in_current_sources,יש syllabus אך אין מידע על סמסטר בשום מקור,False,upstream: run pipeline to extract semester from scrape/syllabus
0542-4275,אווירודינמיקה של טורבינות רוח,other_specialization,3,True,False,False,True,False,False,False,,,,,,False,,[],,,False,,,False,,,,False,unschedulable,syllabus_exists_but_not_parsed,"אין מידע על סמסטר, אין syllabus מפורסם, אין JSON מפוענח",False,upstream: scrape course page + parse syllabus
0542-4320,מכניקת הזורמים (2),fluids,4,True,True,False,True,False,False,False,"[""B""]",,,,,True,supabase:offered_semesters,"[""B""]","[""B""]","[""B""]",True,,,True,,,,True,schedulable_with_caveat,prerequisites_only_in_text,דרישות קדם קיימות רק כטקסט עברי — לא מפורסמות כ-IDs,False,parse syllabus_prerequisites_he to extract course IDs
0542-4321,הידראוליקה הנדסית,other_specialization,4,False,False,False,True,False,False,False,,,,,,False,,[],,,False,,,False,,,,False,unschedulable,syllabus_exists_but_not_parsed,"אין מידע על סמסטר, אין syllabus מפורסם, אין JSON מפוענח",False,upstream: scrape course page + parse syllabus
0542-4322,תכנון תרמי של ציוד אלקטרוני,other_specialization,4,False,False,False,True,False,False,False,,,,,,False,,[],,,False,,,False,,,,False,unschedulable,syllabus_exists_but_not_parsed,"אין מידע על סמסטר, אין syllabus מפורסם, אין JSON מפוענח",False,upstream: scrape course page + parse syllabus
0542-4351,הנדסה ימית,other_specialization,4,True,True,False,True,False,False,False,,,,,,False,,[],,,False,,,True,,,,True,unschedulable,semester_not_in_current_sources,יש syllabus אך אין מידע על סמסטר בשום מקור,False,upstream: run pipeline to extract semester from scrape/syllabus
0542-4352,דינמיקת הגזים,fluids,4,True,True,False,True,True,True,True,"[""A""]",,A,"[""A""]",,True,supabase:offered_semesters,"[""A""]","[""A""]","[""A""]",True,"[""0542-2500"", ""0542-2600""]",מכניקת הזורמים (1) (05422500) + תרמודינמיקה (1) (05422600) דרישות קדם ספציפיות בקורס בהתאם לתוכנית ה...,True,"[""0542-2500""]",,"[""0542-2600""]",False,fully_schedulable,fully_schedulable,"ניתן לתזמון — יש סמסטר, שעות, ודרישות קדם מטופלות",False,
0542-4391,מעבדה בסימולציות נומריות בזרימה ומעבר חום,advanced_labs,3.5,True,True,False,True,False,False,False,"[""A""]",,,,,True,supabase:offered_semesters,"[""A""]","[""A""]","[""A""]",True,,,True,,,,True,schedulable_with_caveat,prerequisites_only_in_text,דרישות קדם קיימות רק כטקסט עברי — לא מפורסמות כ-IDs,False,parse syllabus_prerequisites_he to extract course IDs
0542-4420,תורת המכונות,systems,4,True,True,False,True,False,False,False,"[""A""]",,,,,True,supabase:offered_semesters,"[""A""]","[""A""]","[""A""]",True,,,True,,,,True,schedulable_with_caveat,prerequisites_only_in_text,דרישות קדם קיימות רק כטקסט עברי — לא מפורסמות כ-IDs,False,parse syllabus_prerequisites_he to extract course IDs
0542-4422,תכן הנדסי: מבוא ושיטות,systems,4,True,True,False,True,False,False,False,"[""A""]",,,,,True,supabase:offered_semesters,"[""A""]","[""A""]","[""A""]",True,,,True,,,,True,schedulable_with_caveat,prerequisites_only_in_text,דרישות קדם קיימות רק כטקסט עברי — לא מפורסמות כ-IDs,False,parse syllabus_prerequisites_he to extract course IDs
0542-4425,הדפסת תלת מימד ותכן חלקי פלסטיקה,other_specialization,3,True,True,False,True,True,True,True,,,B,"[""B""]","[""B""]",True,COURSE_DATA_OVERRIDES (client-side patch),"[""B""]","[""B""]","[""B""]",True,"[""0509-1510"", ""0542-2400"", ""0542-3780"", ""0542-3791""]",גרפיקה הנדסית (05091510) + תכן מכני (1) (05422400) + תהליכי עיבוד (1) (05423780) + תהליכי עיבוד - מע...,True,"[""0542-2400"", ""0542-3780"", ""0542-3791""]",,"[""0509-1510""]",False,fully_schedulable,fully_schedulable,"ניתן לתזמון — יש סמסטר, שעות, ודרישות קדם מטופלות",False,
0542-4455,בינה חישובית,systems,4,True,True,False,True,False,False,False,"[""B""]",,,,,True,supabase:offered_semesters,"[""B""]","[""B""]","[""B""]",True,,,True,,,,True,schedulable_with_caveat,prerequisites_only_in_text,דרישות קדם קיימות רק כטקסט עברי — לא מפורסמות כ-IDs,False,parse syllabus_prerequisites_he to extract course IDs
0542-4524,מבוא להנדסת חלל,other_specialization,4,True,True,False,True,True,True,True,,,A,"[""A""]","[""A""]",True,COURSE_DATA_OVERRIDES (client-side patch),"[""A""]","[""A""]","[""A""]",True,"[""0542-2200"", ""0542-3620""]",מכניקת המוצקים (1) (05422200) + מעבר חם (05423620) דרישות קדם ספציפיות בקורס בהתאם לתוכנית הלימודים ...,True,"[""0542-3620""]",,"[""0542-2200""]",False,fully_schedulable,fully_schedulable,"ניתן לתזמון — יש סמסטר, שעות, ודרישות קדם מטופלות",False,
0542-4527,מכניקת המסלולים של לוויינים,other_specialization,4,True,True,False,True,False,False,False,,,,,,False,,[],,,False,,,True,,,,True,unschedulable,semester_not_in_current_sources,יש syllabus אך אין מידע על סמסטר בשום מקור,False,upstream: run pipeline to extract semester from scrape/syllabus
0542-4559,מעבדה במכאטרוניקה,other_specialization,3,True,True,False,True,False,False,False,,,,,,False,,[],,,False,,,True,,,,True,unschedulable,semester_not_in_current_sources,יש syllabus אך אין מידע על סמסטר בשום מקור,False,upstream: run pipeline to extract semester from scrape/syllabus
0542-4621,מבוא לרובוטיקה,other_specialization,3,True,True,False,True,False,False,False,,,,,,False,,[],,,False,,,True,,,,True,unschedulable,semester_not_in_current_sources,יש syllabus אך אין מידע על סמסטר בשום מקור,False,upstream: run pipeline to extract semester from scrape/syllabus
0542-4622,דינמיקה ובקרה של מערכות,systems,4,True,True,False,True,False,False,False,"[""B""]",,,,,True,supabase:offered_semesters,"[""B""]","[""B""]","[""B""]",True,,,True,,,,True,schedulable_with_caveat,prerequisites_only_in_text,דרישות קדם קיימות רק כטקסט עברי — לא מפורסמות כ-IDs,False,parse syllabus_prerequisites_he to extract course IDs
0542-4624,מעבדה ברובוטיקה ובקרה של מערכות,advanced_labs,3,True,True,False,True,False,False,False,"[""B""]",,,,,True,supabase:offered_semesters,"[""B""]","[""B""]","[""B""]",True,,,True,,,,True,schedulable_with_caveat,prerequisites_only_in_text,דרישות קדם קיימות רק כטקסט עברי — לא מפורסמות כ-IDs,False,parse syllabus_prerequisites_he to extract course IDs
0542-4722,מבוא להנדסת מערכות זעירות (Mems),other_specialization,5,True,True,False,True,True,True,True,,,B,"[""B""]","[""B""]",True,COURSE_DATA_OVERRIDES (client-side patch),"[""B""]","[""B""]","[""B""]",True,"[""0542-2200"", ""0509-1829"", ""0542-2110""]",מכניקת המוצקים (1) (05422200) + פיזיקה (2) (05091829) + דינמיקה של גוף קשיח (05422110) + פיזיקה (2) ...,True,,,"[""0542-2200"", ""0509-1829"", ""0542-2110""]",False,fully_schedulable,fully_schedulable,"ניתן לתזמון — יש סמסטר, שעות, ודרישות קדם מטופלות",False,
0555-3160,הנדסת תאים ורקמות,other_specialization,4,True,True,False,True,False,False,False,,,,,,False,,[],,,False,,,False,,,,False,unschedulable,semester_not_in_current_sources,יש syllabus אך אין מידע על סמסטר בשום מקור,False,upstream: run pipeline to extract semester from scrape/syllabus
0555-4000,אתיקה מעשית לתלמידי  תואר ראשון  בהנדסה ומדעים,other_specialization,4,True,True,False,True,False,False,False,,,,,,False,,[],,,False,,,False,,,,False,unschedulable,semester_not_in_current_sources,יש syllabus אך אין מידע על סמסטר בשום מקור,False,upstream: run pipeline to extract semester from scrape/syllabus
0555-4432,תכנון מערכות ביו-רפואיות,other_specialization,4,True,True,False,True,False,False,False,,,,,,False,,[],,,False,,,False,,,,False,unschedulable,semester_not_in_current_sources,יש syllabus אך אין מידע על סמסטר בשום מקור,False,upstream: run pipeline to extract semester from scrape/syllabus
0555-4550,מבוא לביופיזיקה של התא,other_specialization,4,True,False,False,True,False,False,False,,,,,,False,,[],,,False,,,False,,,,False,unschedulable,syllabus_exists_but_not_parsed,"אין מידע על סמסטר, אין syllabus מפורסם, אין JSON מפוענח",False,upstream: scrape course page + parse syllabus
0555-4555,ננוחומרים: יסודות פיזיקליים ושימושים בביורפואה,other_specialization,4,True,True,False,True,False,False,False,,,,,,False,,[],,,False,,,True,,,,True,unschedulable,semester_not_in_current_sources,יש syllabus אך אין מידע על סמסטר בשום מקור,False,upstream: run pipeline to extract semester from scrape/syllabus
0555-4562,מבוא לאולטרסאונד: הדמיה וטיפול,other_specialization,4,True,True,False,True,False,False,False,,,,,,False,,[],,,False,,,True,,,,True,unschedulable,semester_not_in_current_sources,יש syllabus אך אין מידע על סמסטר בשום מקור,False,upstream: run pipeline to extract semester from scrape/syllabus
0555-4630,ביו-חומרים פולימרים,other_specialization,4,True,True,False,True,False,False,False,,,,,,False,,[],,,False,,,True,,,,True,unschedulable,semester_not_in_current_sources,יש syllabus אך אין מידע על סמסטר בשום מקור,False,upstream: run pipeline to extract semester from scrape/syllabus
0571-1818,מבני נתונים,other_specialization,4,True,True,False,True,True,True,True,,,B,"[""B""]","[""B""]",True,COURSE_DATA_OVERRIDES (client-side patch),"[""B""]","[""B""]","[""B""]",True,"[""0509-1820""]","תכנות - (פייתון) (05091820) דרישות קדם ספציפיות בקורס בהתאם לתוכנית הלימודים הנלמדת, מופיעות בדף היד...",True,,,"[""0509-1820""]",False,fully_schedulable,fully_schedulable,"ניתן לתזמון — יש סמסטר, שעות, ודרישות קדם מטופלות",False,
0571-3802,מודלים דטרמיניסטיים בחקר ביצועים,other_specialization,4,True,True,False,True,True,True,True,,,B,"[""B""]","[""B""]",True,COURSE_DATA_OVERRIDES (client-side patch),"[""B""]","[""B""]","[""B""]",True,"[""0509-1424""]","אלגברה ליניארית לתעשיה ונ (05091424) דרישות קדם ספציפיות בקורס בהתאם לתוכנית הלימודים הנלמדת, מופיעו...",True,,,"[""0509-1424""]",False,fully_schedulable,fully_schedulable,"ניתן לתזמון — יש סמסטר, שעות, ודרישות קדם מטופלות",False,
0571-4174,תיכון וחשיבה המצאתית,other_specialization,2,True,True,False,True,True,True,True,,,A,"[""A""]","[""A""]",True,COURSE_DATA_OVERRIDES (client-side patch),"[""A""]","[""A""]","[""A""]",True,,,False,,,,False,fully_schedulable,fully_schedulable,"ניתן לתזמון — יש סמסטר, שעות, ודרישות קדם מטופלות",False,
0581-4131,מעבדה בחומרים הנדסיים,advanced_labs,1,True,True,False,True,True,True,True,"[""A""]",,A,"[""A""]",,True,supabase:offered_semesters,"[""A""]","[""A""]","[""A""]",True,"[""0581-1111""]","מבוא למדע והנדסה של חומרי (05811111) דרישות קדם ספציפיות בקורס בהתאם לתוכנית הלימודים הנלמדת, מופיעו...",True,,,"[""0581-1111""]",False,fully_schedulable,fully_schedulable,"ניתן לתזמון — יש סמסטר, שעות, ודרישות קדם מטופלות",False,
